"id","code","name","state_id/id"
"wtc_address.kab_id_1101","1101","KAB. SIMEULUE","wtc_address.province_id_1100"
"wtc_address.kab_id_1102","1102","KAB. ACEH SINGKIL","wtc_address.province_id_1100"
"wtc_address.kab_id_1103","1103","KAB. ACEH SELATAN","wtc_address.province_id_1100"
"wtc_address.kab_id_1104","1104","KAB. ACEH TENGGARA","wtc_address.province_id_1100"
"wtc_address.kab_id_1105","1105","KAB. ACEH TIMUR","wtc_address.province_id_1100"
"wtc_address.kab_id_1106","1106","KAB. ACEH TENGAH","wtc_address.province_id_1100"
"wtc_address.kab_id_1107","1107","KAB. ACEH BARAT","wtc_address.province_id_1100"
"wtc_address.kab_id_1108","1108","KAB. ACEH BESAR","wtc_address.province_id_1100"
"wtc_address.kab_id_1109","1109","KAB. PIDIE","wtc_address.province_id_1100"
"wtc_address.kab_id_1110","1110","KAB. BIREUEN","wtc_address.province_id_1100"
"wtc_address.kab_id_1111","1111","KAB. ACEH UTARA","wtc_address.province_id_1100"
"wtc_address.kab_id_1112","1112","KAB. ACEH BARAT DAYA","wtc_address.province_id_1100"
"wtc_address.kab_id_1113","1113","KAB. GAYO LUES","wtc_address.province_id_1100"
"wtc_address.kab_id_1114","1114","KAB. ACEH TAMIANG","wtc_address.province_id_1100"
"wtc_address.kab_id_1115","1115","KAB. NAGAN RAYA","wtc_address.province_id_1100"
"wtc_address.kab_id_1116","1116","KAB. ACEH JAYA","wtc_address.province_id_1100"
"wtc_address.kab_id_1117","1117","KAB. BENER MERIAH","wtc_address.province_id_1100"
"wtc_address.kab_id_1118","1118","KAB. PIDIE JAYA","wtc_address.province_id_1100"
"wtc_address.kab_id_1171","1171","KOTA BANDA ACEH","wtc_address.province_id_1100"
"wtc_address.kab_id_1172","1172","KOTA SABANG","wtc_address.province_id_1100"
"wtc_address.kab_id_1173","1173","KOTA LANGSA","wtc_address.province_id_1100"
"wtc_address.kab_id_1174","1174","KOTA LHOKSEUMAWE","wtc_address.province_id_1100"
"wtc_address.kab_id_1175","1175","KOTA SUBULUSSALAM","wtc_address.province_id_1100"
"wtc_address.kab_id_1201","1201","KAB. NIAS","wtc_address.province_id_1200"
"wtc_address.kab_id_1202","1202","KAB. MANDAILING NATAL","wtc_address.province_id_1200"
"wtc_address.kab_id_1203","1203","KAB. TAPANULI SELATAN","wtc_address.province_id_1200"
"wtc_address.kab_id_1204","1204","KAB. TAPANULI TENGAH","wtc_address.province_id_1200"
"wtc_address.kab_id_1205","1205","KAB. TAPANULI UTARA","wtc_address.province_id_1200"
"wtc_address.kab_id_1206","1206","KAB. TOBA SAMOSIR","wtc_address.province_id_1200"
"wtc_address.kab_id_1207","1207","KAB. LABUHANBATU","wtc_address.province_id_1200"
"wtc_address.kab_id_1208","1208","KAB. ASAHAN","wtc_address.province_id_1200"
"wtc_address.kab_id_1209","1209","KAB. SIMALUNGUN","wtc_address.province_id_1200"
"wtc_address.kab_id_1210","1210","KAB. DAIRI","wtc_address.province_id_1200"
"wtc_address.kab_id_1211","1211","KAB. KARO","wtc_address.province_id_1200"
"wtc_address.kab_id_1212","1212","KAB. DELI SERDANG","wtc_address.province_id_1200"
"wtc_address.kab_id_1213","1213","KAB. LANGKAT","wtc_address.province_id_1200"
"wtc_address.kab_id_1214","1214","KAB. NIAS SELATAN","wtc_address.province_id_1200"
"wtc_address.kab_id_1215","1215","KAB. HUMBANG HASUNDUTAN","wtc_address.province_id_1200"
"wtc_address.kab_id_1216","1216","KAB. PAKPAK BHARAT","wtc_address.province_id_1200"
"wtc_address.kab_id_1217","1217","KAB. SAMOSIR","wtc_address.province_id_1200"
"wtc_address.kab_id_1218","1218","KAB. SERDANG BEDAGAI","wtc_address.province_id_1200"
"wtc_address.kab_id_1219","1219","KAB. BATU BARA","wtc_address.province_id_1200"
"wtc_address.kab_id_1220","1220","KAB. LABUHANBATU SELATAN","wtc_address.province_id_1200"
"wtc_address.kab_id_1221","1221","KAB. LABUHANBATU UTARA","wtc_address.province_id_1200"
"wtc_address.kab_id_1222","1222","KAB. NIAS UTARA","wtc_address.province_id_1200"
"wtc_address.kab_id_1224","1224","KAB. NIAS BARAT","wtc_address.province_id_1200"
"wtc_address.kab_id_1271","1271","KOTA SIBOLGA","wtc_address.province_id_1200"
"wtc_address.kab_id_1272","1272","KOTA TANJUNG BALAI","wtc_address.province_id_1200"
"wtc_address.kab_id_1273","1273","KOTA PEMATANG SIANTAR","wtc_address.province_id_1200"
"wtc_address.kab_id_1274","1274","KOTA TEBING TINGGI","wtc_address.province_id_1200"
"wtc_address.kab_id_1275","1275","KOTA MEDAN","wtc_address.province_id_1200"
"wtc_address.kab_id_1276","1276","KOTA BINJAI","wtc_address.province_id_1200"
"wtc_address.kab_id_1277","1277","KOTA PADANGSIDIMPUAN","wtc_address.province_id_1200"
"wtc_address.kab_id_1278","1278","KAB. PADANG LAWAS","wtc_address.province_id_1200"
"wtc_address.kab_id_1279","1279","KAB. PADANG LAWAS UTARA","wtc_address.province_id_1200"
"wtc_address.kab_id_1280","1280","KOTA GUNUNGSITOLI","wtc_address.province_id_1200"
"wtc_address.kab_id_1301","1301","KAB. KEPULAUAN MENTAWAI","wtc_address.province_id_1300"
"wtc_address.kab_id_1302","1302","KAB. PESISIR SELATAN","wtc_address.province_id_1300"
"wtc_address.kab_id_1303","1303","KAB. SOLOK","wtc_address.province_id_1300"
"wtc_address.kab_id_1304","1304","KAB. SIJUNJUNG","wtc_address.province_id_1300"
"wtc_address.kab_id_1305","1305","KAB. TANAH DATAR","wtc_address.province_id_1300"
"wtc_address.kab_id_1306","1306","KAB. PADANG PARIAMAN","wtc_address.province_id_1300"
"wtc_address.kab_id_1307","1307","KAB. AGAM","wtc_address.province_id_1300"
"wtc_address.kab_id_1308","1308","KAB. LIMA PULUH KOTA","wtc_address.province_id_1300"
"wtc_address.kab_id_1309","1309","KAB. PASAMAN","wtc_address.province_id_1300"
"wtc_address.kab_id_1310","1310","KAB. SOLOK SELATAN","wtc_address.province_id_1300"
"wtc_address.kab_id_1311","1311","KAB. DHARMASRAYA","wtc_address.province_id_1300"
"wtc_address.kab_id_1312","1312","KAB. PASAMAN BARAT","wtc_address.province_id_1300"
"wtc_address.kab_id_1371","1371","KOTA PADANG","wtc_address.province_id_1300"
"wtc_address.kab_id_1372","1372","KOTA SOLOK","wtc_address.province_id_1300"
"wtc_address.kab_id_1373","1373","KOTA SAWAHLUNTO","wtc_address.province_id_1300"
"wtc_address.kab_id_1374","1374","KOTA PADANG PANJANG","wtc_address.province_id_1300"
"wtc_address.kab_id_1375","1375","KOTA BUKITTINGGI","wtc_address.province_id_1300"
"wtc_address.kab_id_1376","1376","KOTA PAYAKUMBUH","wtc_address.province_id_1300"
"wtc_address.kab_id_1377","1377","KOTA PARIAMAN","wtc_address.province_id_1300"
"wtc_address.kab_id_1401","1401","KAB. KUANTAN SINGINGI","wtc_address.province_id_1400"
"wtc_address.kab_id_1402","1402","KAB. INDRAGIRI HULU","wtc_address.province_id_1400"
"wtc_address.kab_id_1403","1403","KAB. INDRAGIRI HILIR","wtc_address.province_id_1400"
"wtc_address.kab_id_1404","1404","KAB. PELALAWAN","wtc_address.province_id_1400"
"wtc_address.kab_id_1405","1405","KAB. SIAK","wtc_address.province_id_1400"
"wtc_address.kab_id_1406","1406","KAB. KAMPAR","wtc_address.province_id_1400"
"wtc_address.kab_id_1407","1407","KAB. ROKAN HULU","wtc_address.province_id_1400"
"wtc_address.kab_id_1408","1408","KAB. BENGKALIS","wtc_address.province_id_1400"
"wtc_address.kab_id_1409","1409","KAB. ROKAN HILIR","wtc_address.province_id_1400"
"wtc_address.kab_id_1410","1410","KAB. KEPULAUAN MERANTI","wtc_address.province_id_1400"
"wtc_address.kab_id_1471","1471","KOTA PEKANBARU","wtc_address.province_id_1400"
"wtc_address.kab_id_1473","1473","KOTA DUMAI","wtc_address.province_id_1400"
"wtc_address.kab_id_1501","1501","KAB. KERINCI","wtc_address.province_id_1500"
"wtc_address.kab_id_1502","1502","KAB. MERANGIN","wtc_address.province_id_1500"
"wtc_address.kab_id_1503","1503","KAB. SAROLANGUN","wtc_address.province_id_1500"
"wtc_address.kab_id_1504","1504","KAB. BATANGHARI","wtc_address.province_id_1500"
"wtc_address.kab_id_1505","1505","KAB. MUARO JAMBI","wtc_address.province_id_1500"
"wtc_address.kab_id_1506","1506","KAB. TANJUNG JABUNG TIMUR","wtc_address.province_id_1500"
"wtc_address.kab_id_1507","1507","KAB. TANJUNG JABUNG BARAT","wtc_address.province_id_1500"
"wtc_address.kab_id_1508","1508","KAB. TEBO","wtc_address.province_id_1500"
"wtc_address.kab_id_1509","1509","KAB. BUNGO","wtc_address.province_id_1500"
"wtc_address.kab_id_1571","1571","KOTA JAMBI","wtc_address.province_id_1500"
"wtc_address.kab_id_1572","1572","KOTA SUNGAI PENUH","wtc_address.province_id_1500"
"wtc_address.kab_id_1601","1601","KAB. OGAN KOMERING ULU","wtc_address.province_id_1600"
"wtc_address.kab_id_1602","1602","KAB. OGAN KOMERING ILIR","wtc_address.province_id_1600"
"wtc_address.kab_id_1603","1603","KAB. MUARA ENIM","wtc_address.province_id_1600"
"wtc_address.kab_id_1604","1604","KAB. LAHAT","wtc_address.province_id_1600"
"wtc_address.kab_id_1605","1605","KAB. MUSI RAWAS","wtc_address.province_id_1600"
"wtc_address.kab_id_1606","1606","KAB. MUSI BANYUASIN","wtc_address.province_id_1600"
"wtc_address.kab_id_1607","1607","KAB. BANYUASIN","wtc_address.province_id_1600"
"wtc_address.kab_id_1608","1608","KAB. OGAN KOMERING ULU SELATAN","wtc_address.province_id_1600"
"wtc_address.kab_id_1609","1609","KAB. OGAN KOMERING ULU TIMUR","wtc_address.province_id_1600"
"wtc_address.kab_id_1610","1610","KAB. OGAN ILIR","wtc_address.province_id_1600"
"wtc_address.kab_id_1611","1611","KAB. EMPAT LAWANG","wtc_address.province_id_1600"
"wtc_address.kab_id_1612","1612","KAB. PENUKAL ABAB LEMATANG ILIR","wtc_address.province_id_1600"
"wtc_address.kab_id_1613","1613","KAB. MUSI RAWAS UTARA","wtc_address.province_id_1600"
"wtc_address.kab_id_1671","1671","KOTA PALEMBANG","wtc_address.province_id_1600"
"wtc_address.kab_id_1672","1672","KOTA PRABUMULIH","wtc_address.province_id_1600"
"wtc_address.kab_id_1673","1673","KOTA PAGAR ALAM","wtc_address.province_id_1600"
"wtc_address.kab_id_1674","1674","KOTA LUBUK LINGGAU","wtc_address.province_id_1600"
"wtc_address.kab_id_1701","1701","KAB. BENGKULU SELATAN","wtc_address.province_id_1700"
"wtc_address.kab_id_1702","1702","KAB. REJANG LEBONG","wtc_address.province_id_1700"
"wtc_address.kab_id_1703","1703","KAB. BENGKULU UTARA","wtc_address.province_id_1700"
"wtc_address.kab_id_1704","1704","KAB. KAUR","wtc_address.province_id_1700"
"wtc_address.kab_id_1705","1705","KAB. SELUMA","wtc_address.province_id_1700"
"wtc_address.kab_id_1706","1706","KAB. MUKO MUKO","wtc_address.province_id_1700"
"wtc_address.kab_id_1707","1707","KAB. LEBONG","wtc_address.province_id_1700"
"wtc_address.kab_id_1708","1708","KAB. KEPAHIANG","wtc_address.province_id_1700"
"wtc_address.kab_id_1710","1710","KAB. BENGKULU TENGAH","wtc_address.province_id_1700"
"wtc_address.kab_id_1771","1771","KOTA BENGKULU","wtc_address.province_id_1700"
"wtc_address.kab_id_1801","1801","KAB. LAMPUNG BARAT","wtc_address.province_id_1800"
"wtc_address.kab_id_1802","1802","KAB. TANGGAMUS","wtc_address.province_id_1800"
"wtc_address.kab_id_1803","1803","KAB. LAMPUNG SELATAN","wtc_address.province_id_1800"
"wtc_address.kab_id_1804","1804","KAB. LAMPUNG TIMUR","wtc_address.province_id_1800"
"wtc_address.kab_id_1805","1805","KAB. LAMPUNG TENGAH","wtc_address.province_id_1800"
"wtc_address.kab_id_1806","1806","KAB. LAMPUNG UTARA","wtc_address.province_id_1800"
"wtc_address.kab_id_1807","1807","KAB. WAY KANAN","wtc_address.province_id_1800"
"wtc_address.kab_id_1808","1808","KAB. TULANG BAWANG","wtc_address.province_id_1800"
"wtc_address.kab_id_1809","1809","KAB. PESAWARAN","wtc_address.province_id_1800"
"wtc_address.kab_id_1810","1810","KAB. PRINGSEWU","wtc_address.province_id_1800"
"wtc_address.kab_id_1811","1811","KAB. MESUJI","wtc_address.province_id_1800"
"wtc_address.kab_id_1812","1812","KAB. TULANG BAWANG BARAT","wtc_address.province_id_1800"
"wtc_address.kab_id_1813","1813","KAB. PESISIR BARAT","wtc_address.province_id_1800"
"wtc_address.kab_id_1871","1871","KOTA BANDAR LAMPUNG","wtc_address.province_id_1800"
"wtc_address.kab_id_1872","1872","KOTA METRO","wtc_address.province_id_1800"
"wtc_address.kab_id_1901","1901","KAB. BANGKA","wtc_address.province_id_1900"
"wtc_address.kab_id_1902","1902","KAB. BELITUNG","wtc_address.province_id_1900"
"wtc_address.kab_id_1903","1903","KAB. BANGKA BARAT","wtc_address.province_id_1900"
"wtc_address.kab_id_1904","1904","KAB. BANGKA TENGAH","wtc_address.province_id_1900"
"wtc_address.kab_id_1905","1905","KAB. BANGKA SELATAN","wtc_address.province_id_1900"
"wtc_address.kab_id_1906","1906","KAB. BELITUNG TIMUR","wtc_address.province_id_1900"
"wtc_address.kab_id_1971","1971","KOTA PANGKAL PINANG","wtc_address.province_id_1900"
"wtc_address.kab_id_2101","2101","KAB. KARIMUN","wtc_address.province_id_2100"
"wtc_address.kab_id_2103","2103","KAB. NATUNA","wtc_address.province_id_2100"
"wtc_address.kab_id_2104","2104","KAB. LINGGA","wtc_address.province_id_2100"
"wtc_address.kab_id_2105","2105","KAB. KEPULAUAN ANAMBAS","wtc_address.province_id_2100"
"wtc_address.kab_id_2106","2106","KAB. BINTAN","wtc_address.province_id_2100"
"wtc_address.kab_id_2171","2171","KOTA BATAM","wtc_address.province_id_2100"
"wtc_address.kab_id_2172","2172","KOTA TANJUNG PINANG","wtc_address.province_id_2100"
"wtc_address.kab_id_3101","3101","KAB. ADM. KEP. SERIBU","wtc_address.province_id_3100"
"wtc_address.kab_id_3171","3171","KOTA ADM. JAKARTA SELATAN","wtc_address.province_id_3100"
"wtc_address.kab_id_3172","3172","KOTA ADM. JAKARTA TIMUR","wtc_address.province_id_3100"
"wtc_address.kab_id_3173","3173","KOTA ADM. JAKARTA PUSAT","wtc_address.province_id_3100"
"wtc_address.kab_id_3174","3174","KOTA ADM. JAKARTA BARAT","wtc_address.province_id_3100"
"wtc_address.kab_id_3175","3175","KOTA ADM. JAKARTA UTARA","wtc_address.province_id_3100"
"wtc_address.kab_id_3201","3201","KAB. BOGOR","wtc_address.province_id_3200"
"wtc_address.kab_id_3202","3202","KAB. SUKABUMI","wtc_address.province_id_3200"
"wtc_address.kab_id_3203","3203","KAB. CIANJUR","wtc_address.province_id_3200"
"wtc_address.kab_id_3204","3204","KAB. BANDUNG","wtc_address.province_id_3200"
"wtc_address.kab_id_3205","3205","KAB. GARUT","wtc_address.province_id_3200"
"wtc_address.kab_id_3206","3206","KAB. TASIKMALAYA","wtc_address.province_id_3200"
"wtc_address.kab_id_3207","3207","KAB. CIAMIS","wtc_address.province_id_3200"
"wtc_address.kab_id_3208","3208","KAB. KUNINGAN","wtc_address.province_id_3200"
"wtc_address.kab_id_3209","3209","KAB. CIREBON","wtc_address.province_id_3200"
"wtc_address.kab_id_3210","3210","KAB. MAJALENGKA","wtc_address.province_id_3200"
"wtc_address.kab_id_3211","3211","KAB. SUMEDANG","wtc_address.province_id_3200"
"wtc_address.kab_id_3212","3212","KAB. INDRAMAYU","wtc_address.province_id_3200"
"wtc_address.kab_id_3213","3213","KAB. SUBANG","wtc_address.province_id_3200"
"wtc_address.kab_id_3214","3214","KAB. PURWAKARTA","wtc_address.province_id_3200"
"wtc_address.kab_id_3215","3215","KAB. KARAWANG","wtc_address.province_id_3200"
"wtc_address.kab_id_3216","3216","KAB. BEKASI","wtc_address.province_id_3200"
"wtc_address.kab_id_3217","3217","KAB. BANDUNG BARAT","wtc_address.province_id_3200"
"wtc_address.kab_id_3218","3218","KAB. PANGANDARAN","wtc_address.province_id_3200"
"wtc_address.kab_id_3271","3271","KOTA BOGOR","wtc_address.province_id_3200"
"wtc_address.kab_id_3272","3272","KOTA SUKABUMI","wtc_address.province_id_3200"
"wtc_address.kab_id_3273","3273","KOTA BANDUNG","wtc_address.province_id_3200"
"wtc_address.kab_id_3274","3274","KOTA CIREBON","wtc_address.province_id_3200"
"wtc_address.kab_id_3275","3275","KOTA BEKASI","wtc_address.province_id_3200"
"wtc_address.kab_id_3276","3276","KOTA DEPOK","wtc_address.province_id_3200"
"wtc_address.kab_id_3277","3277","KOTA CIMAHI","wtc_address.province_id_3200"
"wtc_address.kab_id_3278","3278","KOTA TASIKMALAYA","wtc_address.province_id_3200"
"wtc_address.kab_id_3279","3279","KOTA BANJAR","wtc_address.province_id_3200"
"wtc_address.kab_id_3301","3301","KAB. CILACAP","wtc_address.province_id_3300"
"wtc_address.kab_id_3302","3302","KAB. BANYUMAS","wtc_address.province_id_3300"
"wtc_address.kab_id_3303","3303","KAB. PURBALINGGA","wtc_address.province_id_3300"
"wtc_address.kab_id_3304","3304","KAB. BANJARNEGARA","wtc_address.province_id_3300"
"wtc_address.kab_id_3305","3305","KAB. KEBUMEN","wtc_address.province_id_3300"
"wtc_address.kab_id_3306","3306","KAB. PURWOREJO","wtc_address.province_id_3300"
"wtc_address.kab_id_3307","3307","KAB. WONOSOBO","wtc_address.province_id_3300"
"wtc_address.kab_id_3308","3308","KAB. MAGELANG","wtc_address.province_id_3300"
"wtc_address.kab_id_3309","3309","KAB. BOYOLALI","wtc_address.province_id_3300"
"wtc_address.kab_id_3310","3310","KAB. KLATEN","wtc_address.province_id_3300"
"wtc_address.kab_id_3311","3311","KAB. SUKOHARJO","wtc_address.province_id_3300"
"wtc_address.kab_id_3312","3312","KAB. WONOGIRI","wtc_address.province_id_3300"
"wtc_address.kab_id_3313","3313","KAB. KARANGANYAR","wtc_address.province_id_3300"
"wtc_address.kab_id_3314","3314","KAB. SRAGEN","wtc_address.province_id_3300"
"wtc_address.kab_id_3315","3315","KAB. GROBOGAN","wtc_address.province_id_3300"
"wtc_address.kab_id_3316","3316","KAB. BLORA","wtc_address.province_id_3300"
"wtc_address.kab_id_3317","3317","KAB. REMBANG","wtc_address.province_id_3300"
"wtc_address.kab_id_3318","3318","KAB. PATI","wtc_address.province_id_3300"
"wtc_address.kab_id_3319","3319","KAB. KUDUS","wtc_address.province_id_3300"
"wtc_address.kab_id_3320","3320","KAB. JEPARA","wtc_address.province_id_3300"
"wtc_address.kab_id_3321","3321","KAB. DEMAK","wtc_address.province_id_3300"
"wtc_address.kab_id_3322","3322","KAB. SEMARANG","wtc_address.province_id_3300"
"wtc_address.kab_id_3323","3323","KAB. TEMANGGUNG","wtc_address.province_id_3300"
"wtc_address.kab_id_3324","3324","KAB. KENDAL","wtc_address.province_id_3300"
"wtc_address.kab_id_3325","3325","KAB. BATANG","wtc_address.province_id_3300"
"wtc_address.kab_id_3326","3326","KAB. PEKALONGAN","wtc_address.province_id_3300"
"wtc_address.kab_id_3327","3327","KAB. PEMALANG","wtc_address.province_id_3300"
"wtc_address.kab_id_3328","3328","KAB. TEGAL","wtc_address.province_id_3300"
"wtc_address.kab_id_3329","3329","KAB. BREBES","wtc_address.province_id_3300"
"wtc_address.kab_id_3371","3371","KOTA MAGELANG","wtc_address.province_id_3300"
"wtc_address.kab_id_3372","3372","KOTA SURAKARTA","wtc_address.province_id_3300"
"wtc_address.kab_id_3373","3373","KOTA SALATIGA","wtc_address.province_id_3300"
"wtc_address.kab_id_3374","3374","KOTA SEMARANG","wtc_address.province_id_3300"
"wtc_address.kab_id_3375","3375","KOTA PEKALONGAN","wtc_address.province_id_3300"
"wtc_address.kab_id_3376","3376","KOTA TEGAL","wtc_address.province_id_3300"
"wtc_address.kab_id_3401","3401","KAB. KULON PROGO","wtc_address.province_id_3400"
"wtc_address.kab_id_3402","3402","KAB. BANTUL","wtc_address.province_id_3400"
"wtc_address.kab_id_3403","3403","KAB. GUNUNGKIDUL","wtc_address.province_id_3400"
"wtc_address.kab_id_3404","3404","KAB. SLEMAN","wtc_address.province_id_3400"
"wtc_address.kab_id_3471","3471","KOTA YOGYAKARTA","wtc_address.province_id_3400"
"wtc_address.kab_id_3501","3501","KAB. PACITAN","wtc_address.province_id_3500"
"wtc_address.kab_id_3502","3502","KAB. PONOROGO","wtc_address.province_id_3500"
"wtc_address.kab_id_3503","3503","KAB. TRENGGALEK","wtc_address.province_id_3500"
"wtc_address.kab_id_3504","3504","KAB. TULUNGAGUNG","wtc_address.province_id_3500"
"wtc_address.kab_id_3505","3505","KAB. BLITAR","wtc_address.province_id_3500"
"wtc_address.kab_id_3506","3506","KAB. KEDIRI","wtc_address.province_id_3500"
"wtc_address.kab_id_3507","3507","KAB. MALANG","wtc_address.province_id_3500"
"wtc_address.kab_id_3508","3508","KAB. LUMAJANG","wtc_address.province_id_3500"
"wtc_address.kab_id_3509","3509","KAB. JEMBER","wtc_address.province_id_3500"
"wtc_address.kab_id_3510","3510","KAB. BANYUWANGI","wtc_address.province_id_3500"
"wtc_address.kab_id_3511","3511","KAB. BONDOWOSO","wtc_address.province_id_3500"
"wtc_address.kab_id_3512","3512","KAB. SITUBONDO","wtc_address.province_id_3500"
"wtc_address.kab_id_3513","3513","KAB. PROBOLINGGO","wtc_address.province_id_3500"
"wtc_address.kab_id_3514","3514","KAB. PASURUAN","wtc_address.province_id_3500"
"wtc_address.kab_id_3515","3515","KAB. SIDOARJO","wtc_address.province_id_3500"
"wtc_address.kab_id_3516","3516","KAB. MOJOKERTO","wtc_address.province_id_3500"
"wtc_address.kab_id_3517","3517","KAB. JOMBANG","wtc_address.province_id_3500"
"wtc_address.kab_id_3518","3518","KAB. NGANJUK","wtc_address.province_id_3500"
"wtc_address.kab_id_3519","3519","KAB. MADIUN","wtc_address.province_id_3500"
"wtc_address.kab_id_3520","3520","KAB. MAGETAN","wtc_address.province_id_3500"
"wtc_address.kab_id_3521","3521","KAB. NGAWI","wtc_address.province_id_3500"
"wtc_address.kab_id_3522","3522","KAB. BOJONEGORO","wtc_address.province_id_3500"
"wtc_address.kab_id_3523","3523","KAB. TUBAN","wtc_address.province_id_3500"
"wtc_address.kab_id_3524","3524","KAB. LAMONGAN","wtc_address.province_id_3500"
"wtc_address.kab_id_3525","3525","KAB. GRESIK","wtc_address.province_id_3500"
"wtc_address.kab_id_3526","3526","KAB. BANGKALAN","wtc_address.province_id_3500"
"wtc_address.kab_id_3527","3527","KAB. SAMPANG","wtc_address.province_id_3500"
"wtc_address.kab_id_3528","3528","KAB. PAMEKASAN","wtc_address.province_id_3500"
"wtc_address.kab_id_3529","3529","KAB. SUMENEP","wtc_address.province_id_3500"
"wtc_address.kab_id_3571","3571","KOTA KEDIRI","wtc_address.province_id_3500"
"wtc_address.kab_id_3572","3572","KOTA BLITAR","wtc_address.province_id_3500"
"wtc_address.kab_id_3573","3573","KOTA MALANG","wtc_address.province_id_3500"
"wtc_address.kab_id_3574","3574","KOTA PROBOLINGGO","wtc_address.province_id_3500"
"wtc_address.kab_id_3575","3575","KOTA PASURUAN","wtc_address.province_id_3500"
"wtc_address.kab_id_3576","3576","KOTA MOJOKERTO","wtc_address.province_id_3500"
"wtc_address.kab_id_3577","3577","KOTA MADIUN","wtc_address.province_id_3500"
"wtc_address.kab_id_3578","3578","KOTA SURABAYA","wtc_address.province_id_3500"
"wtc_address.kab_id_3579","3579","KOTA BATU","wtc_address.province_id_3500"
"wtc_address.kab_id_3601","3601","KAB. PANDEGLANG","wtc_address.province_id_3600"
"wtc_address.kab_id_3602","3602","KAB. LEBAK","wtc_address.province_id_3600"
"wtc_address.kab_id_3603","3603","KAB. TANGERANG","wtc_address.province_id_3600"
"wtc_address.kab_id_3604","3604","KAB. SERANG","wtc_address.province_id_3600"
"wtc_address.kab_id_3671","3671","KOTA TANGERANG","wtc_address.province_id_3600"
"wtc_address.kab_id_3672","3672","KOTA CILEGON","wtc_address.province_id_3600"
"wtc_address.kab_id_3673","3673","KOTA TANGERANG SELATAN","wtc_address.province_id_3600"
"wtc_address.kab_id_3674","3674","KOTA SERANG","wtc_address.province_id_3600"
"wtc_address.kab_id_5101","5101","KAB. JEMBRANA","wtc_address.province_id_5100"
"wtc_address.kab_id_5102","5102","KAB. TABANAN","wtc_address.province_id_5100"
"wtc_address.kab_id_5103","5103","KAB. BADUNG","wtc_address.province_id_5100"
"wtc_address.kab_id_5104","5104","KAB. GIANYAR","wtc_address.province_id_5100"
"wtc_address.kab_id_5105","5105","KAB. KLUNGKUNG","wtc_address.province_id_5100"
"wtc_address.kab_id_5106","5106","KAB. BANGLI","wtc_address.province_id_5100"
"wtc_address.kab_id_5107","5107","KAB. KARANGASEM","wtc_address.province_id_5100"
"wtc_address.kab_id_5108","5108","KAB. BULELENG","wtc_address.province_id_5100"
"wtc_address.kab_id_5171","5171","KOTA DENPASAR","wtc_address.province_id_5100"
"wtc_address.kab_id_5201","5201","KAB. LOMBOK BARAT","wtc_address.province_id_5200"
"wtc_address.kab_id_5202","5202","KAB. LOMBOK TENGAH","wtc_address.province_id_5200"
"wtc_address.kab_id_5203","5203","KAB. LOMBOK TIMUR","wtc_address.province_id_5200"
"wtc_address.kab_id_5204","5204","KAB. SUMBAWA","wtc_address.province_id_5200"
"wtc_address.kab_id_5205","5205","KAB. DOMPU","wtc_address.province_id_5200"
"wtc_address.kab_id_5206","5206","KAB. BIMA","wtc_address.province_id_5200"
"wtc_address.kab_id_5207","5207","KAB. SUMBAWA BARAT","wtc_address.province_id_5200"
"wtc_address.kab_id_5208","5208","KAB. LOMBOK UTARA","wtc_address.province_id_5200"
"wtc_address.kab_id_5271","5271","KOTA MATARAM","wtc_address.province_id_5200"
"wtc_address.kab_id_5272","5272","KOTA BIMA","wtc_address.province_id_5200"
"wtc_address.kab_id_5301","5301","KAB. SUMBA BARAT","wtc_address.province_id_5300"
"wtc_address.kab_id_5302","5302","KAB. SUMBA TIMUR","wtc_address.province_id_5300"
"wtc_address.kab_id_5303","5303","KAB. KUPANG","wtc_address.province_id_5300"
"wtc_address.kab_id_5304","5304","KAB. TIMOR TENGAH SELATAN","wtc_address.province_id_5300"
"wtc_address.kab_id_5305","5305","KAB. TIMOR TENGAH UTARA","wtc_address.province_id_5300"
"wtc_address.kab_id_5306","5306","KAB. BELU","wtc_address.province_id_5300"
"wtc_address.kab_id_5307","5307","KAB. ALOR","wtc_address.province_id_5300"
"wtc_address.kab_id_5308","5308","KAB. LEMBATA","wtc_address.province_id_5300"
"wtc_address.kab_id_5309","5309","KAB. FLORES TIMUR","wtc_address.province_id_5300"
"wtc_address.kab_id_5310","5310","KAB. SIKKA","wtc_address.province_id_5300"
"wtc_address.kab_id_5311","5311","KAB. ENDE","wtc_address.province_id_5300"
"wtc_address.kab_id_5312","5312","KAB. NGADA","wtc_address.province_id_5300"
"wtc_address.kab_id_5313","5313","KAB. MANGGARAI","wtc_address.province_id_5300"
"wtc_address.kab_id_5314","5314","KAB. ROTE NDAO","wtc_address.province_id_5300"
"wtc_address.kab_id_5315","5315","KAB. MANGGARAI BARAT","wtc_address.province_id_5300"
"wtc_address.kab_id_5316","5316","KAB. SUMBA BARAT DAYA","wtc_address.province_id_5300"
"wtc_address.kab_id_5317","5317","KAB. SUMBA TENGAH","wtc_address.province_id_5300"
"wtc_address.kab_id_5318","5318","KAB. NAGEKEO","wtc_address.province_id_5300"
"wtc_address.kab_id_5319","5319","KAB. SABU RAIJUA","wtc_address.province_id_5300"
"wtc_address.kab_id_5320","5320","KAB. MALAKA","wtc_address.province_id_5300"
"wtc_address.kab_id_5371","5371","KOTA KUPANG","wtc_address.province_id_5300"
"wtc_address.kab_id_5372","5372","KAB. MANGGARAI TIMUR","wtc_address.province_id_5300"
"wtc_address.kab_id_6101","6101","KAB. SAMBAS","wtc_address.province_id_6100"
"wtc_address.kab_id_6102","6102","KAB. BENGKAYANG","wtc_address.province_id_6100"
"wtc_address.kab_id_6103","6103","KAB. LANDAK","wtc_address.province_id_6100"
"wtc_address.kab_id_6105","6105","KAB. SANGGAU","wtc_address.province_id_6100"
"wtc_address.kab_id_6106","6106","KAB. KETAPANG","wtc_address.province_id_6100"
"wtc_address.kab_id_6107","6107","KAB. SINTANG","wtc_address.province_id_6100"
"wtc_address.kab_id_6108","6108","KAB. KAPUAS HULU","wtc_address.province_id_6100"
"wtc_address.kab_id_6109","6109","KAB. SEKADAU","wtc_address.province_id_6100"
"wtc_address.kab_id_6110","6110","KAB. MELAWI","wtc_address.province_id_6100"
"wtc_address.kab_id_6111","6111","KAB. KAYONG UTARA","wtc_address.province_id_6100"
"wtc_address.kab_id_6112","6112","KAB. MEMPAWAH","wtc_address.province_id_6100"
"wtc_address.kab_id_6171","6171","KOTA PONTIANAK","wtc_address.province_id_6100"
"wtc_address.kab_id_6172","6172","KOTA SINGKAWANG","wtc_address.province_id_6100"
"wtc_address.kab_id_6174","6174","KAB. KUBU RAYA","wtc_address.province_id_6100"
"wtc_address.kab_id_6201","6201","KAB. KOTAWARINGIN BARAT","wtc_address.province_id_6200"
"wtc_address.kab_id_6202","6202","KAB. KOTAWARINGIN TIMUR","wtc_address.province_id_6200"
"wtc_address.kab_id_6203","6203","KAB. KAPUAS","wtc_address.province_id_6200"
"wtc_address.kab_id_6204","6204","KAB. BARITO SELATAN","wtc_address.province_id_6200"
"wtc_address.kab_id_6205","6205","KAB. BARITO UTARA","wtc_address.province_id_6200"
"wtc_address.kab_id_6206","6206","KAB. SUKAMARA","wtc_address.province_id_6200"
"wtc_address.kab_id_6207","6207","KAB. LAMANDAU","wtc_address.province_id_6200"
"wtc_address.kab_id_6208","6208","KAB. SERUYAN","wtc_address.province_id_6200"
"wtc_address.kab_id_6209","6209","KAB. KATINGAN","wtc_address.province_id_6200"
"wtc_address.kab_id_6210","6210","KAB. PULANG PISAU","wtc_address.province_id_6200"
"wtc_address.kab_id_6211","6211","KAB. GUNUNG MAS","wtc_address.province_id_6200"
"wtc_address.kab_id_6212","6212","KAB. BARITO TIMUR","wtc_address.province_id_6200"
"wtc_address.kab_id_6213","6213","KAB. MURUNG RAYA","wtc_address.province_id_6200"
"wtc_address.kab_id_6271","6271","KOTA PALANGKARAYA","wtc_address.province_id_6200"
"wtc_address.kab_id_6301","6301","KAB. TANAH LAUT","wtc_address.province_id_6300"
"wtc_address.kab_id_6302","6302","KAB. KOTABARU","wtc_address.province_id_6300"
"wtc_address.kab_id_6303","6303","KAB. BANJAR","wtc_address.province_id_6300"
"wtc_address.kab_id_6304","6304","KAB. BARITO KUALA","wtc_address.province_id_6300"
"wtc_address.kab_id_6305","6305","KAB. TAPIN","wtc_address.province_id_6300"
"wtc_address.kab_id_6306","6306","KAB. HULU SUNGAI SELATAN","wtc_address.province_id_6300"
"wtc_address.kab_id_6307","6307","KAB. HULU SUNGAI TENGAH","wtc_address.province_id_6300"
"wtc_address.kab_id_6308","6308","KAB. HULU SUNGAI UTARA","wtc_address.province_id_6300"
"wtc_address.kab_id_6309","6309","KAB. TABALONG","wtc_address.province_id_6300"
"wtc_address.kab_id_6310","6310","KAB. TANAH BUMBU","wtc_address.province_id_6300"
"wtc_address.kab_id_6311","6311","KAB. BALANGAN","wtc_address.province_id_6300"
"wtc_address.kab_id_6371","6371","KOTA BANJARMASIN","wtc_address.province_id_6300"
"wtc_address.kab_id_6372","6372","KOTA BANJARBARU","wtc_address.province_id_6300"
"wtc_address.kab_id_6401","6401","KAB. PASER","wtc_address.province_id_6400"
"wtc_address.kab_id_6402","6402","KAB. KUTAI BARAT","wtc_address.province_id_6400"
"wtc_address.kab_id_6403","6403","KAB. KUTAI KARTANEGARA","wtc_address.province_id_6400"
"wtc_address.kab_id_6404","6404","KAB. KUTAI TIMUR","wtc_address.province_id_6400"
"wtc_address.kab_id_6405","6405","KAB. BERAU","wtc_address.province_id_6400"
"wtc_address.kab_id_6409","6409","KAB. PENAJAM PASER UTARA","wtc_address.province_id_6400"
"wtc_address.kab_id_6412","6412","KAB. MAHAKAM ULU","wtc_address.province_id_6400"
"wtc_address.kab_id_6471","6471","KOTA BALIKPAPAN","wtc_address.province_id_6400"
"wtc_address.kab_id_6472","6472","KOTA SAMARINDA","wtc_address.province_id_6400"
"wtc_address.kab_id_6474","6474","KOTA BONTANG","wtc_address.province_id_6400"
"wtc_address.kab_id_6501","6501","KAB. MALINAU","wtc_address.province_id_6500"
"wtc_address.kab_id_6502","6502","KAB. BULUNGAN","wtc_address.province_id_6500"
"wtc_address.kab_id_6503","6503","KAB. TANA TIDUNG","wtc_address.province_id_6500"
"wtc_address.kab_id_6504","6504","KAB. NUNUKAN","wtc_address.province_id_6500"
"wtc_address.kab_id_6571","6571","KOTA TARAKAN","wtc_address.province_id_6500"
"wtc_address.kab_id_7101","7101","KAB. BOLAANG MONGONDOW","wtc_address.province_id_7100"
"wtc_address.kab_id_7102","7102","KAB. MINAHASA","wtc_address.province_id_7100"
"wtc_address.kab_id_7103","7103","KAB. KEPULAUAN SANGIHE","wtc_address.province_id_7100"
"wtc_address.kab_id_7104","7104","KAB. KEPULAUAN TALAUD","wtc_address.province_id_7100"
"wtc_address.kab_id_7105","7105","KAB. MINAHASA SELATAN","wtc_address.province_id_7100"
"wtc_address.kab_id_7106","7106","KAB. MINAHASA UTARA","wtc_address.province_id_7100"
"wtc_address.kab_id_7107","7107","KAB. BOLAANG MONGONDOW UTARA","wtc_address.province_id_7100"
"wtc_address.kab_id_7109","7109","KAB. MINAHASA TENGGARA","wtc_address.province_id_7100"
"wtc_address.kab_id_7171","7171","KOTA MANADO","wtc_address.province_id_7100"
"wtc_address.kab_id_7172","7172","KOTA BITUNG","wtc_address.province_id_7100"
"wtc_address.kab_id_7173","7173","KOTA TOMOHON","wtc_address.province_id_7100"
"wtc_address.kab_id_7174","7174","KOTA KOTAMOBAGU","wtc_address.province_id_7100"
"wtc_address.kab_id_7175","7175","KAB. BOLAANG MONGONDOW TIMUR","wtc_address.province_id_7100"
"wtc_address.kab_id_7176","7176","KAB. BOLAANG MONGONDOW SELATAN","wtc_address.province_id_7100"
"wtc_address.kab_id_7177","7177","KAB. KEP. SIAU TAGULANDANG BIARO","wtc_address.province_id_7100"
"wtc_address.kab_id_7201","7201","KAB. BANGGAI KEPULAUAN","wtc_address.province_id_7200"
"wtc_address.kab_id_7202","7202","KAB. BANGGAI","wtc_address.province_id_7200"
"wtc_address.kab_id_7203","7203","KAB. MOROWALI","wtc_address.province_id_7200"
"wtc_address.kab_id_7204","7204","KAB. POSO","wtc_address.province_id_7200"
"wtc_address.kab_id_7205","7205","KAB. DONGGALA","wtc_address.province_id_7200"
"wtc_address.kab_id_7206","7206","KAB. TOLI TOLI","wtc_address.province_id_7200"
"wtc_address.kab_id_7207","7207","KAB. BUOL","wtc_address.province_id_7200"
"wtc_address.kab_id_7208","7208","KAB. PARIGI MOUTONG","wtc_address.province_id_7200"
"wtc_address.kab_id_7209","7209","KAB. TOJO UNA UNA","wtc_address.province_id_7200"
"wtc_address.kab_id_7210","7210","KAB. SIGI","wtc_address.province_id_7200"
"wtc_address.kab_id_7211","7211","KAB. BANGGAI LAUT","wtc_address.province_id_7200"
"wtc_address.kab_id_7212","7212","KAB. MOROWALI UTARA","wtc_address.province_id_7200"
"wtc_address.kab_id_7271","7271","KOTA PALU","wtc_address.province_id_7200"
"wtc_address.kab_id_7301","7301","KAB. KEPULAUAN SELAYAR","wtc_address.province_id_7300"
"wtc_address.kab_id_7302","7302","KAB. BULUKUMBA","wtc_address.province_id_7300"
"wtc_address.kab_id_7303","7303","KAB. BANTAENG","wtc_address.province_id_7300"
"wtc_address.kab_id_7304","7304","KAB. JENEPONTO","wtc_address.province_id_7300"
"wtc_address.kab_id_7305","7305","KAB. TAKALAR","wtc_address.province_id_7300"
"wtc_address.kab_id_7306","7306","KAB. GOWA","wtc_address.province_id_7300"
"wtc_address.kab_id_7307","7307","KAB. SINJAI","wtc_address.province_id_7300"
"wtc_address.kab_id_7308","7308","KAB. MAROS","wtc_address.province_id_7300"
"wtc_address.kab_id_7309","7309","KAB. PANGKAJENE KEPULAUAN","wtc_address.province_id_7300"
"wtc_address.kab_id_7310","7310","KAB. BARRU","wtc_address.province_id_7300"
"wtc_address.kab_id_7311","7311","KAB. BONE","wtc_address.province_id_7300"
"wtc_address.kab_id_7312","7312","KAB. SOPPENG","wtc_address.province_id_7300"
"wtc_address.kab_id_7313","7313","KAB. WAJO","wtc_address.province_id_7300"
"wtc_address.kab_id_7314","7314","KAB. SIDENRENG RAPPANG","wtc_address.province_id_7300"
"wtc_address.kab_id_7315","7315","KAB. PINRANG","wtc_address.province_id_7300"
"wtc_address.kab_id_7316","7316","KAB. ENREKANG","wtc_address.province_id_7300"
"wtc_address.kab_id_7317","7317","KAB. LUWU","wtc_address.province_id_7300"
"wtc_address.kab_id_7318","7318","KAB. TANA TORAJA","wtc_address.province_id_7300"
"wtc_address.kab_id_7322","7322","KAB. LUWU UTARA","wtc_address.province_id_7300"
"wtc_address.kab_id_7325","7325","KAB. LUWU TIMUR","wtc_address.province_id_7300"
"wtc_address.kab_id_7326","7326","KAB. TORAJA UTARA","wtc_address.province_id_7300"
"wtc_address.kab_id_7371","7371","KOTA MAKASSAR","wtc_address.province_id_7300"
"wtc_address.kab_id_7372","7372","KOTA PARE PARE","wtc_address.province_id_7300"
"wtc_address.kab_id_7373","7373","KOTA PALOPO","wtc_address.province_id_7300"
"wtc_address.kab_id_7401","7401","KAB. BUTON","wtc_address.province_id_7400"
"wtc_address.kab_id_7402","7402","KAB. MUNA","wtc_address.province_id_7400"
"wtc_address.kab_id_7403","7403","KAB. KONAWE","wtc_address.province_id_7400"
"wtc_address.kab_id_7404","7404","KAB. KOLAKA","wtc_address.province_id_7400"
"wtc_address.kab_id_7405","7405","KAB. KONAWE SELATAN","wtc_address.province_id_7400"
"wtc_address.kab_id_7406","7406","KAB. BOMBANA","wtc_address.province_id_7400"
"wtc_address.kab_id_7407","7407","KAB. WAKATOBI","wtc_address.province_id_7400"
"wtc_address.kab_id_7408","7408","KAB. KOLAKA UTARA","wtc_address.province_id_7400"
"wtc_address.kab_id_7409","7409","KAB. BUTON UTARA","wtc_address.province_id_7400"
"wtc_address.kab_id_7410","7410","KAB. KONAWE UTARA","wtc_address.province_id_7400"
"wtc_address.kab_id_7471","7471","KOTA KENDARI","wtc_address.province_id_7400"
"wtc_address.kab_id_7472","7472","KOTA BAU BAU","wtc_address.province_id_7400"
"wtc_address.kab_id_7473","7473","KAB. KOLAKA TIMUR","wtc_address.province_id_7400"
"wtc_address.kab_id_7474","7474","KAB. KONAWE KEPULAUAN","wtc_address.province_id_7400"
"wtc_address.kab_id_7475","7475","KAB. MUNA BARAT","wtc_address.province_id_7400"
"wtc_address.kab_id_7476","7476","KAB. BUTON TENGAH","wtc_address.province_id_7400"
"wtc_address.kab_id_7477","7477","KAB. BUTON SELATAN","wtc_address.province_id_7400"
"wtc_address.kab_id_7501","7501","KAB. BOALEMO","wtc_address.province_id_7500"
"wtc_address.kab_id_7502","7502","KAB. GORONTALO","wtc_address.province_id_7500"
"wtc_address.kab_id_7503","7503","KAB. PAHUWATO","wtc_address.province_id_7500"
"wtc_address.kab_id_7504","7504","KAB. BONE BOLANGO","wtc_address.province_id_7500"
"wtc_address.kab_id_7505","7505","KAB. GORONTALO UTARA","wtc_address.province_id_7500"
"wtc_address.kab_id_7571","7571","KOTA GORONTALO","wtc_address.province_id_7500"
"wtc_address.kab_id_7601","7601","KAB. MAJENE","wtc_address.province_id_7600"
"wtc_address.kab_id_7602","7602","KAB. POLEWALI MANDAR","wtc_address.province_id_7600"
"wtc_address.kab_id_7603","7603","KAB. MAMASA","wtc_address.province_id_7600"
"wtc_address.kab_id_7604","7604","KAB. MAMUJU","wtc_address.province_id_7600"
"wtc_address.kab_id_7605","7605","KAB. MAMUJU UTARA","wtc_address.province_id_7600"
"wtc_address.kab_id_7607","7607","KAB. MAMUJU TENGAH","wtc_address.province_id_7600"
"wtc_address.kab_id_8101","8101","KAB. MALUKU TENGGARA BARAT","wtc_address.province_id_8100"
"wtc_address.kab_id_8102","8102","KAB. MALUKU TENGGARA","wtc_address.province_id_8100"
"wtc_address.kab_id_8103","8103","KAB. MALUKU TENGAH","wtc_address.province_id_8100"
"wtc_address.kab_id_8104","8104","KAB. BURU","wtc_address.province_id_8100"
"wtc_address.kab_id_8105","8105","KAB. KEPULAUAN ARU","wtc_address.province_id_8100"
"wtc_address.kab_id_8106","8106","KAB. SERAM BAGIAN BARAT","wtc_address.province_id_8100"
"wtc_address.kab_id_8107","8107","KAB. SERAM BAGIAN TIMUR","wtc_address.province_id_8100"
"wtc_address.kab_id_8108","8108","KAB. MALUKU BARAT DAYA","wtc_address.province_id_8100"
"wtc_address.kab_id_8109","8109","KAB. BURU SELATAN","wtc_address.province_id_8100"
"wtc_address.kab_id_8171","8171","KOTA AMBON","wtc_address.province_id_8100"
"wtc_address.kab_id_8172","8172","KOTA TUAL","wtc_address.province_id_8100"
"wtc_address.kab_id_8201","8201","KAB. HALMAHERA BARAT","wtc_address.province_id_8200"
"wtc_address.kab_id_8202","8202","KAB. HALMAHERA TENGAH","wtc_address.province_id_8200"
"wtc_address.kab_id_8203","8203","KAB. KEPULAUAN SULA","wtc_address.province_id_8200"
"wtc_address.kab_id_8204","8204","KAB. HALMAHERA SELATAN","wtc_address.province_id_8200"
"wtc_address.kab_id_8205","8205","KAB. HALMAHERA UTARA","wtc_address.province_id_8200"
"wtc_address.kab_id_8206","8206","KAB. HALMAHERA TIMUR","wtc_address.province_id_8200"
"wtc_address.kab_id_8207","8207","KAB. PULAU MOROTAI","wtc_address.province_id_8200"
"wtc_address.kab_id_8208","8208","KAB. PULAU TALIABU","wtc_address.province_id_8200"
"wtc_address.kab_id_8271","8271","KOTA TERNATE","wtc_address.province_id_8200"
"wtc_address.kab_id_8272","8272","KOTA TIDORE KEPULAUAN","wtc_address.province_id_8200"
"wtc_address.kab_id_9101","9101","KAB. FAK FAK","wtc_address.province_id_9100"
"wtc_address.kab_id_9102","9102","KAB. KAIMANA","wtc_address.province_id_9100"
"wtc_address.kab_id_9103","9103","KAB. TELUK WONDAMA","wtc_address.province_id_9100"
"wtc_address.kab_id_9104","9104","KAB. TELUK BINTUNI","wtc_address.province_id_9100"
"wtc_address.kab_id_9105","9105","KAB. MANOKWARI","wtc_address.province_id_9100"
"wtc_address.kab_id_9106","9106","KAB. SORONG SELATAN","wtc_address.province_id_9100"
"wtc_address.kab_id_9107","9107","KAB. SORONG","wtc_address.province_id_9100"
"wtc_address.kab_id_9108","9108","KAB. RAJA AMPAT","wtc_address.province_id_9100"
"wtc_address.kab_id_9109","9109","KAB. MAYBRAT","wtc_address.province_id_9100"
"wtc_address.kab_id_9110","9110","KAB. TAMBRAUW","wtc_address.province_id_9100"
"wtc_address.kab_id_9111","9111","KAB. MANOKWARI SELATAN","wtc_address.province_id_9100"
"wtc_address.kab_id_9112","9112","KAB. PEGUNUNGAN ARFAK","wtc_address.province_id_9100"
"wtc_address.kab_id_9171","9171","KOTA SORONG","wtc_address.province_id_9100"
"wtc_address.kab_id_9401","9401","KAB. MERAUKE","wtc_address.province_id_9400"
"wtc_address.kab_id_9402","9402","KAB. JAYAWIJAYA","wtc_address.province_id_9400"
"wtc_address.kab_id_9403","9403","KAB. JAYAPURA","wtc_address.province_id_9400"
"wtc_address.kab_id_9404","9404","KAB. NABIRE","wtc_address.province_id_9400"
"wtc_address.kab_id_9408","9408","KAB. KEPULAUAN YAPEN","wtc_address.province_id_9400"
"wtc_address.kab_id_9409","9409","KAB. BIAK NUMFOR","wtc_address.province_id_9400"
"wtc_address.kab_id_9410","9410","KAB. PANIAI","wtc_address.province_id_9400"
"wtc_address.kab_id_9411","9411","KAB. PUNCAK JAYA","wtc_address.province_id_9400"
"wtc_address.kab_id_9412","9412","KAB. MIMIKA","wtc_address.province_id_9400"
"wtc_address.kab_id_9413","9413","KAB. BOVEN DIGOEL","wtc_address.province_id_9400"
"wtc_address.kab_id_9414","9414","KAB. MAPPI","wtc_address.province_id_9400"
"wtc_address.kab_id_9415","9415","KAB. ASMAT","wtc_address.province_id_9400"
"wtc_address.kab_id_9416","9416","KAB. YAHUKIMO","wtc_address.province_id_9400"
"wtc_address.kab_id_9417","9417","KAB. PEGUNUNGAN BINTANG","wtc_address.province_id_9400"
"wtc_address.kab_id_9418","9418","KAB. TOLIKARA","wtc_address.province_id_9400"
"wtc_address.kab_id_9419","9419","KAB. SARMI","wtc_address.province_id_9400"
"wtc_address.kab_id_9420","9420","KAB. KEEROM","wtc_address.province_id_9400"
"wtc_address.kab_id_9426","9426","KAB. WAROPEN","wtc_address.province_id_9400"
"wtc_address.kab_id_9427","9427","KAB. SUPIORI","wtc_address.province_id_9400"
"wtc_address.kab_id_9428","9428","KAB. DEIYAI","wtc_address.province_id_9400"
"wtc_address.kab_id_9429","9429","KAB. DOGIYAI","wtc_address.province_id_9400"
"wtc_address.kab_id_9430","9430","KAB. INTAN JAYA","wtc_address.province_id_9400"
"wtc_address.kab_id_9431","9431","KAB. LANNY JAYA","wtc_address.province_id_9400"
"wtc_address.kab_id_9432","9432","KAB. MAMBERAMO RAYA","wtc_address.province_id_9400"
"wtc_address.kab_id_9433","9433","KAB. MAMBERAMO TENGAH","wtc_address.province_id_9400"
"wtc_address.kab_id_9434","9434","KAB. NDUGA","wtc_address.province_id_9400"
"wtc_address.kab_id_9435","9435","KAB. PUNCAK","wtc_address.province_id_9400"
"wtc_address.kab_id_9436","9436","KAB. YALIMO","wtc_address.province_id_9400"
"wtc_address.kab_id_9471","9471","KOTA JAYAPURA","wtc_address.province_id_9400"
"__export__.dym_city_533","3200","JAWA BARAT","wtc_address.province_id_3200"
"__export__.dym_city_578","253","JAWA TENGAH","wtc_address.province_id_3300"
"__export__.dym_city_732","14525236","JAKARTA  SELATAN","wtc_address.province_id_3100"
"__export__.dym_city_734","125577","DKI JAKARTA","wtc_address.province_id_3100"
"__export__.dym_city_1003","1","SURABAYA","wtc_address.province_id_3500"
"__export__.dym_city_1037","235","LOSARI","wtc_address.province_id_3200"
"__export__.dym_city_1234","40282","BANDUNG","wtc_address.province_id_3200"
"__export__.dym_city_1237","40281","BANDUNG","wtc_address.province_id_3200"
"__export__.dym_city_1240","40283","BANDUNG","wtc_address.province_id_3200"
"__export__.dym_city_1386","0","BANDUNG","wtc_address.province_id_3200"
"__export__.dym_city_1389","1","BANDUNG","wtc_address.province_id_3200"
"__export__.dym_city_1393","2","BANDUNG","wtc_address.province_id_3200"
"__export__.dym_city_1395","4","BANDUNG","wtc_address.province_id_3200"
"__export__.dym_city_1398","8","BANDUNG","wtc_address.province_id_3200"
"__export__.dym_city_1405","01","[7300] SULAWESI SELATAN","wtc_address.province_id_7300"
"__export__.dym_city_1407","JA","KAB BANDUNG","wtc_address.province_id_3200"
"__export__.dym_city_1419","15950","BANDUNG","wtc_address.province_id_3200"
"__export__.dym_city_1425","00123","BANDUNG","wtc_address.province_id_3200"
"__export__.dym_city_1427","00121","BANDUNG","wtc_address.province_id_3200"
"__export__.dym_city_1635","1245","WARA BARAT","wtc_address.province_id_7300"
"__export__.dym_city_1677","41254","ciasem","wtc_address.province_id_9100"
"__export__.dym_city_1680","41254","subang","wtc_address.province_id_3200"
"__export__.dym_city_1683","41251","SUBANG","wtc_address.province_id_3200"
"__export__.dym_city_1686","41254","SUBANG","wtc_address.province_id_3500"
"__export__.dym_city_1688","6767","SUBANG","wtc_address.province_id_3200"
"__export__.dym_city_1690","5656","SUBANG","wtc_address.province_id_3200"
"__export__.dym_city_1692","55656","SUBANG","wtc_address.province_id_3200"
"__export__.dym_city_1694","445","SUBANG","wtc_address.province_id_3200"
"__export__.dym_city_1697","4545","SUBANG","wtc_address.province_id_3200"
"__export__.dym_city_1700","56568","SUBANG","wtc_address.province_id_3200"
"__export__.dym_city_1724","16630","BOGOR","wtc_address.province_id_3200"
"__export__.dym_city_1732","42071","BANDUNG","wtc_address.province_id_3200"
"__export__.dym_city_1739","320","BANDUNG","wtc_address.province_id_3200"
"__export__.dym_city_1741","324","BANDUNG","wtc_address.province_id_3200"
"__export__.dym_city_1744","321","BANDUNG","wtc_address.province_id_3200"
"__export__.dym_city_1746","322","BANDUNG","wtc_address.province_id_3200"
"__export__.dym_city_1750","32183","BANDUNG","wtc_address.province_id_3200"
"__export__.dym_city_1755","32211","BANDUNG","wtc_address.province_id_3200"
"__export__.dym_city_1757","32987","BANDUNG","wtc_address.province_id_3200"
"__export__.dym_city_1771","12345","TASIKMALAYA","wtc_address.province_id_3200"
"__export__.dym_city_1786","402","BANDUNG","wtc_address.province_id_3200"
"__export__.dym_city_1788","456","BANDUNG","wtc_address.province_id_3200"
"__export__.dym_city_1790","231","BANDUNG","wtc_address.province_id_3200"
"__export__.dym_city_1793","4561","BANDUNG","wtc_address.province_id_3200"
"__export__.dym_city_1795","465","BANDUNG","wtc_address.province_id_3200"
"__export__.dym_city_1797","1234","BANDUNG","wtc_address.province_id_3200"
"__export__.dym_city_1799","541","BANDUNG","wtc_address.province_id_3200"
"__export__.dym_city_1800","124","BANDUNG","wtc_address.province_id_3200"
"__export__.dym_city_1802","123","BANDUNG","wtc_address.province_id_3200"
"__export__.dym_city_1804","9786","BANDUNG","wtc_address.province_id_3200"
"__export__.dym_city_1806","781","BANDUNG","wtc_address.province_id_3200"
"__export__.dym_city_1808","341","BANDUNG","wtc_address.province_id_3200"
"__export__.dym_city_1810","91768","BANDUNG","wtc_address.province_id_3200"
"__export__.dym_city_1812","954","BANDUNG","wtc_address.province_id_3200"
"__export__.dym_city_1814","74685","BANDUNG","wtc_address.province_id_3200"
"__export__.dym_city_1815","15","BANDUNG","wtc_address.province_id_3200"
"__export__.dym_city_1818","19","BANDUNG","wtc_address.province_id_3200"
"__export__.dym_city_1820","754","BANDUNG","wtc_address.province_id_3200"
"__export__.dym_city_1822","546","BANDUNG","wtc_address.province_id_3200"
"__export__.dym_city_1824","457","BANDUNG","wtc_address.province_id_3200"
"__export__.dym_city_1826","132","BANDUNG","wtc_address.province_id_3200"
"__export__.dym_city_1828","89","BANDUNG","wtc_address.province_id_3200"
"__export__.dym_city_1830","542","BANDUNG","wtc_address.province_id_3200"
"__export__.dym_city_1832","468","BANDUNG","wtc_address.province_id_3200"
"__export__.dym_city_1834","12","BANDUNG","wtc_address.province_id_3200"
"__export__.dym_city_1837","5461","BANDUNG","wtc_address.province_id_3200"
"__export__.dym_city_1839","1546","BANDUNG","wtc_address.province_id_3200"
"__export__.dym_city_1841","8104","BANDUNG","wtc_address.province_id_3200"
"__export__.dym_city_1843","9178","BANDUNG","wtc_address.province_id_3200"
"__export__.dym_city_1845","18","BANDUNG","wtc_address.province_id_3200"
"__export__.dym_city_1849","54611","BANDUNG","wtc_address.province_id_3200"
"__export__.dym_city_1852","15461","BANDUNG","wtc_address.province_id_3200"
"__export__.dym_city_1855","7549","BANDUNG","wtc_address.province_id_3200"
"__export__.dym_city_1857","1364","BANDUNG","wtc_address.province_id_3200"
"__export__.dym_city_1860","4689","BANDUNG","wtc_address.province_id_3200"
"__export__.dym_city_1862","46534","BANDUNG","wtc_address.province_id_3200"
"__export__.dym_city_1864","4516","BANDUNG","wtc_address.province_id_3200"
"__export__.dym_city_1866","159","BANDUNG","wtc_address.province_id_3200"
"__export__.dym_city_1869","1354","BANDUNG","wtc_address.province_id_3200"
"__export__.dym_city_1871","305","BANDUNG","wtc_address.province_id_3200"
"__export__.dym_city_1874","15469","BANDUNG","wtc_address.province_id_3200"
"__export__.dym_city_1876","649","BANDUNG","wtc_address.province_id_3200"
"__export__.dym_city_1877","604","BANDUNG","wtc_address.province_id_3200"
"__export__.dym_city_1879","6384","BANDUNG","wtc_address.province_id_3200"
"__export__.dym_city_1881","56123","BANDUNG","wtc_address.province_id_3200"
"__export__.dym_city_1883","13546","BANDUNG","wtc_address.province_id_3200"
"__export__.dym_city_1885","873","BANDUNG","wtc_address.province_id_3200"
"__export__.dym_city_1887","1547","BANDUNG","wtc_address.province_id_3200"
"__export__.dym_city_1889","894","BANDUNG","wtc_address.province_id_3200"
"__export__.dym_city_1891","917","BANDUNG","wtc_address.province_id_3200"
"__export__.dym_city_1893","340","BANDUNG","wtc_address.province_id_3200"
"__export__.dym_city_1895","687","BANDUNG","wtc_address.province_id_3200"
"__export__.dym_city_1899","54610","BANDUNG","wtc_address.province_id_3200"
"__export__.dym_city_1901","13021","BANDUNG","wtc_address.province_id_3200"
"__export__.dym_city_1903","640","BANDUNG","wtc_address.province_id_3200"
"__export__.dym_city_1905","614","BANDUNG","wtc_address.province_id_3200"
"__export__.dym_city_1907","1640","BANDUNG","wtc_address.province_id_3200"
"__export__.dym_city_1909","96781","BANDUNG","wtc_address.province_id_3200"
"__export__.dym_city_1911","8654","BANDUNG","wtc_address.province_id_3200"
"__export__.dym_city_1913","978","BANDUNG","wtc_address.province_id_3200"
"__export__.dym_city_1915","7854","BANDUNG","wtc_address.province_id_3200"
"__export__.dym_city_1917","78512","BANDUNG","wtc_address.province_id_3200"
"__export__.dym_city_1919","98764","BANDUNG","wtc_address.province_id_3200"
"__export__.dym_city_1921","5684","BANDUNG","wtc_address.province_id_3200"
"__export__.dym_city_1923","3461","BANDUNG","wtc_address.province_id_3200"
"__export__.dym_city_1925","254","BANDUNG","wtc_address.province_id_3200"
"__export__.dym_city_1927","1412","BANDUNG","wtc_address.province_id_3200"
"__export__.dym_city_1929","146","BANDUNG","wtc_address.province_id_3200"
"__export__.dym_city_1931","135465","BANDUNG","wtc_address.province_id_3200"
"__export__.dym_city_1933","540","BANDUNG","wtc_address.province_id_3200"
"__export__.dym_city_1937","4680","BANDUNG","wtc_address.province_id_3200"
"__export__.dym_city_1939","625","BANDUNG","wtc_address.province_id_3200"
"__export__.dym_city_1941","6314","BANDUNG","wtc_address.province_id_3200"
"__export__.dym_city_1943","184","BANDUNG","wtc_address.province_id_3200"
"__export__.dym_city_1954","05656","BADRIAH","wtc_address.province_id_3200"
"__export__.dym_city_1978","12341","BEKASI","wtc_address.province_id_3200"
"__export__.dym_city_1982","12321","BEKASI","wtc_address.province_id_3200"
"__export__.dym_city_1985","12365","BEKASI","wtc_address.province_id_3200"
"__export__.dym_city_1987","95212","BEKASI","wtc_address.province_id_3200"
"__export__.dym_city_2083","BEKASI SELATAN","BEKASI","wtc_address.province_id_3200"
"__export__.dym_city_2112","123456","MAGELANG","wtc_address.province_id_3300"
"__export__.dym_city_2139","1121","BOGOR","wtc_address.province_id_3200"
"__export__.dym_city_2163","000","bengkulu","wtc_address.province_id_1700"
"__export__.dym_city_2165","000","jambi","wtc_address.province_id_1500"
"__export__.dym_city_2174","00012","bahar","wtc_address.province_id_1500"
"__export__.dym_city_2176","001","jambi","wtc_address.province_id_1500"
"__export__.dym_city_2191","1234","PALOPO","wtc_address.province_id_7300"
"__export__.dym_city_2193","1255","BOGOR","wtc_address.province_id_3200"
"__export__.dym_city_2203","1500","RIMBO BUJANG","wtc_address.province_id_1500"
"__export__.dym_city_2213","4532","KOTA PALOPO_","wtc_address.province_id_7300"
"__export__.dym_city_2215","4536","KOTA PALOPO_","wtc_address.province_id_7300"
"__export__.dym_city_2221","BATAM","BATAM","wtc_address.province_id_2100"
"__export__.dym_city_2282","010","cirebon","wtc_address.province_id_3200"
"__export__.dym_city_2298","JAKARTA","JAKARTA","wtc_address.province_id_3100"
"__export__.dym_city_2307","17520","CIBITUNG","wtc_address.province_id_3200"
"__export__.dym_city_2343","0000","KEMAS RINDO","wtc_address.province_id_1600"
"__export__.dym_city_2363","0","PALEMBANG","wtc_address.province_id_1600"
"__export__.dym_city_2366","1","PALEMBANG","wtc_address.province_id_1600"
"__export__.dym_city_2376","4151","CIREBON","wtc_address.province_id_3200"
"__export__.dym_city_2379","020","CIREBON","wtc_address.province_id_3200"
"__export__.dym_city_2527","035","LOSARI","wtc_address.province_id_3300"
"__export__.dym_city_2554","315","BANDUNG","wtc_address.province_id_3200"
"__export__.dym_city_2558","1111","PALEMBANG","wtc_address.province_id_1600"
"__export__.dym_city_2563","11","PALEMBANG","wtc_address.province_id_1600"
"__export__.dym_city_2566","1234","PALEMBANG","wtc_address.province_id_1600"
"__export__.dym_city_2574","310110","CILANDAK","wtc_address.province_id_3100"
"__export__.dym_city_2577","212","KOTA PALEMBANG","wtc_address.province_id_1600"
"__export__.dym_city_2580","113","PALEMBANG","wtc_address.province_id_1600"
